{
    "accuracy": 0.7976190476190477,
    "precision": 0.7925925925925926,
    "recall": 0.7278911564625851,
    "f1": 0.7588652482269503
}